,11040,11050,11060,11100,11500,11600,12000,12050,12500,14700,15000,15200,15700,16000,17500,19200,19500,20000,20005,20020,20300,20400,20500,20700,20750,20800,20900,21000,21050,22250,22400,22550,22600,22650,24000,27000,27100,27600,28000,30100,30150,30220,30250,30300,30350,30400,30600,30800,30900,31000,31100,34500,34600,34601,35000,40010,40011,41000,42000,43000,47000,48000,50150,50160,50165,50170,50180,50300,50350,50400,50600,50800,50900,51000,51500,52000,52500,52510,52515,52520,53000,54000,55000,60100,60500,61000,62000,63000,64000,65000,67000,67500,68000,69000,70100,71000,72500,73500,74500,75500,78000,78500,79500,81000,81100,81200,83000,84000,85000,86000,87000,88000,89000,91000,91500,91700,94000,95000,total
1/31/2017,206481.42,359.08,0,96544.28,100,0,1207531.78,0,0,13100,107787,43496,254985.96,-305799.77,319,1942707.07,-1942707.07,-97938.3,0,-12440.25,-4500,-24891.85,-88872.31,-11427.59,-1221.76,0,0,-103661.41,0,0,0,-117.65,0,0,-15052.1,-1000,0,-162907.1,-535406.71,-163291.04,-20664,-252019.12,-232160.1,-28892.48,0,-6621.53,-525,-112890.59,-296750.62,-295,0,-41.49,0,0,0,0,0,183274.37,77488.8,27176.1,14625.6,5217.52,4500,28374.23,0,6972,26579.59,4931.84,28694.4,1133.83,24581.96,0,1750.15,3951.94,21.62,5564.43,0,0,0,0,53,375.98,325.73,2967.62,0,0,13801.21,405.78,0,357.57,976.84,28.42,1239.04,2896.63,22538.84,1081.48,444.91,556.53,739.76,188,4138.54,0,977.09,23250.02,6099.45,0,9100,0,0,9000,854.44,646.5,0,410.39,0,306.62,0,84.48,-7.30012E-11
2/28/2017,593226.37,186.51,0,1235.53,100,0,939495.12,0,0,13100,107787,43496,254985.96,-308696.4,319,1942707.07,-1942707.07,-113797.09,0,-36054.25,-9000,-24042.88,-73676.39,-10869.78,58778.24,0,0,-100866.72,0,0,0,-224.25,0,1.25,-15052.1,-1000,0,-162907.1,-535406.71,-263550.34,-42490.5,-378028.68,-348536.88,-76518.59,0,-29861.17,-525,-145150.55,-443967.77,-295,0,-202.3,0,0,0,0,0,415948.5,169690.22,69982.57,29780.52,10240.15,9000,38399.35,0,13944,35350.95,9931.28,60907.28,2080.84,50888.13,0,2462.15,4917.65,26.6,5564.43,0,0,0,0,53,546.49,725.73,2967.62,0,281,13801.21,422.13,30,789.27,2362.42,313.39,1964.11,5793.26,43697.84,1887.18,1307.74,1187.73,1439.52,376,4138.54,0,2181.62,46500.04,14529.89,0,9600,0,0,18000,1733.79,929,0,1089.22,0,306.62,0,-59.51,4.10338E-11
3/31/2017,519427.85,283.56,0,1235.53,100,0,1195027.36,0,0,13100,107787,43496,254985.96,-311593.03,319,1942707.07,-1942707.07,-95460.57,0,-39022.25,-13500,-23193.91,-58421.81,-10311.97,58778.24,0,0,-111074.55,0,0,0,-117.65,0,0,-15052.1,-1000,0,-162907.1,-535406.71,-478845.95,-65203.64,-504038.24,-464913.66,-97713.74,0,-51100.02,-1795,-175710.51,-600966.69,-295,0,-296.55,0,0,0,0,0,621135.27,240198.12,111122.5,47073.94,14456.8,13500,59316.54,0,20995.07,48589.51,16183.85,88474.4,3023.91,74186.11,0,2478.01,4969.98,26.6,5564.43,0,0,0,0,53,734.48,800.73,2967.62,0,281,13801.21,445.65,60,1292.85,3364.77,1966.04,2571.48,8689.89,60115.42,2975.96,1889.57,1983.94,2139.28,564,4138.54,0,4022.35,69750.06,22020.37,0,10900,1599,0,27000,2646.39,1031.5,0,1400.64,0,790.51,0,108.86,2.09511E-10
4/30/2017,614920.67,88.73,0,1235.53,100,0,1246457.11,2958.5,0,13100,107787,43496,254985.96,-314489.66,319,1942707.07,-1942707.07,-135758.12,0,-37270.25,-18000,-22344.94,-43089.12,-9754.16,58778.24,0,0,-101301.55,0,0,0,-117.65,0,0,-15052.1,-1000,0,-162907.1,-535406.71,-627770.51,-87462.9,-630047.8,-581290.44,-135512.48,0,-82248.45,-4050,-203061.81,-750819.61,-295,0,-406.18,0,0,0,0,0,853448.9,316923.65,144334.36,58038.12,20851.49,18000,66375.25,0,28240.56,48589.51,21583.48,118449.8,3250.72,98944.33,0,2478.01,4951.37,26.6,5564.43,0,0,0,0,53,916.64,1050.49,8083.49,0,281,27079.78,586.44,60,1677.69,4404.73,1966.04,3009.92,11586.52,77130.97,4120.11,2544.59,2546.75,2839.04,752,4138.54,0,8085.07,93000.08,28139.64,0,15150,1599,0,36000,3853.76,1629,0,1633.95,0,1097.13,0,163.85,-4.38519E-10
5/31/2017,634201.97,110.36,0,1235.53,100,0,902211.29,2866.5,0,13100,107787,43496,254985.96,-317386.29,319,1942707.07,-1942707.07,-138154.04,0,-19128.25,-22500,-21495.97,-27766.12,-9196.35,58778.24,0,0,-103411.84,0,0,0,-117.65,0,0,-15052.1,-1000,400000,-162907.1,-535406.71,-792295.53,-108642.9,-756057.36,-697667.22,-152479.18,-1896.34,-139706.54,-4050,-231638.11,-899417.33,-645,0,-732.42,0,0,0,0,0,1080865.57,408901.04,194873.8,85393.75,28262.98,22500,79068.67,0,35587.22,48589.51,27079.83,147793.24,1500.14,123312.38,0,2478.01,2909.6,26.6,10639.68,437.44,0,0,0,53,1104.63,3063.39,8083.49,0,281,39014.53,575.36,60,2959.56,5413.93,2067.52,3600.78,14483.15,100154.76,5238.4,3168.94,3099.7,3538.8,940,5591.98,161,12682.41,116250.1,35228.27,0,16067,1599,0,45000,4751.65,1660.25,0,1876.95,0,1097.13,300,172.36,-7.53403E-10
6/30/2017,678006,142.82,0,1235.53,100,0,932802.53,2783.5,0,13100,107787,43496,254985.96,-320282.92,319,1942707.07,-1942707.07,-119447.7,0,-37878.25,-27000,-20647,0,-8638.54,58778.24,0,0,-105803.06,0,0,0,-117.65,0,0,-15052.1,-1000,400000,-162907.1,-535406.71,-911061.11,-131152.77,-889431.05,-814044,-176730.02,-12350.06,-186536.6,-6250,-284695.09,-1046341.45,-645,0,-866.52,0,0,0,0,0,1311949.12,504858.29,231214.02,102761.22,32372.75,27000,95511.76,0,42933.88,60641.88,33364.25,180108.6,2499.56,148917.27,0,2490.42,2922.01,26.6,10639.68,469.22,0,0,0,133,1286.79,3273.21,8083.49,0,281,47534.85,601.92,299.88,3506.79,6399.51,2384.64,4020.44,17379.78,122060.1,6362.98,3733.97,3774.28,4238.56,1128,6106.74,161,19680.53,139500.12,42496.51,0,18067,1599,0,54000,5682.53,2160.25,0,2085.85,0,1581.02,300,163.85,4.65292E-10
7/31/2017,779467.99,172.2,0,1235.53,100,0,950489.5,2700.5,0,13100,107787,43496,254985.96,-323179.55,319,1942707.07,-1942707.07,-161757.75,0,-49710.5,-31500,-19798.03,0,-8080.73,58778.24,0,0,-97747.11,0,0,0,-117.65,0,0,-15052.1,-1000,400000,-162907.1,-535406.71,-984411.13,-152332.77,-1022804.74,-951420.78,-210821.23,-12350.06,-248092.86,-7670,-313946.39,-1196768.06,-645,0,-1039.12,0,0,0,0,0,1521714.63,596801.62,268586.81,116765.31,41720.14,31500,105247.8,0,50086.12,73745.29,38533.07,209964.44,6975.89,173008.87,0,2509.16,3088.38,26.6,15714.93,469.22,0,0,0,133,1474.78,3396.49,12887.73,0,281,60423.92,651.91,454.88,4182.05,7412.59,2739.64,4430.72,20276.41,144335.35,7381.66,4578.99,4327.23,4938.32,1316,6106.74,161,24454.43,162750.14,49920.78,0,18567,1599,0,75599.02,7032.64,2457.75,0,2085.85,0,1887.64,1060.66,163.85,1.1741E-10
8/31/2017,934603.63,113.96,0,1235.53,100,0,942497.06,2617.5,0,13100,107787,43496,254985.96,-326076.18,319,1942707.07,-1942707.07,-118422.69,0,-43630.5,-36000,-19798.03,0,-7522.92,58778.24,0,0,-89002.29,0,0,0,-117.65,0,0,-15052.1,-1000,400000,-162907.1,-535506.71,-1123978.75,-174845.88,-1156178.43,-1068540.19,-258090.88,-12350.06,-279165.39,-12630,-364245.69,-1347194.59,-645,0,-1262.32,0,0,0,0,0,1757618.72,643830.37,308103.46,125886.2,55457.64,36000,109630.55,0,57405.7,73745.29,44873.95,240772.49,7913.92,197688.1,0,2520.01,3108.23,26.6,15714.93,469.22,0,0,0,133,1662.77,3589.04,12887.73,0,281,60423.92,673.28,882.26,4529.67,8418.44,2739.64,4973.6,23173.04,167056.89,8369.21,4867.11,5275.71,5638.08,1504,6106.74,336,26729.74,186000.16,55395.86,0,18567,1599,0,84599.02,7789.31,2607.75,0,2085.85,0,1887.64,1060.66,1920.97,9.64064E-11
9/30/2017,915347.93,93.94,0,1235.53,100,0,964242.09,2533.2,0,13100,107787,43496,254985.96,-328972.81,319,1942707.07,-1942707.07,-76972.58,0,-49678.08,-40500,-18949.06,0,-6965.11,58778.24,0,0,-94996.43,0,0,0,-117.65,0,0,-15052.1,-1000,400000,-162907.1,-535506.71,-1195953.29,-200390.43,-1289552.12,-1184916.97,-268473.18,-12350.06,-291501.8,-12630,-392229.89,-1492408.46,-5065,0,-1475.77,0,0,0,0,0,1981290.52,685568.2,336091.98,145342.76,62634.73,40500,132909.22,0,64812.78,86537.27,50467.28,273642.95,8872.25,223505.27,0,2520.01,3108.23,26.6,15714.93,469.22,0,0,0,133,1844.93,3589.04,12887.73,0,281,60423.92,849.44,1037.26,7178.13,9507.49,2739.64,5409.32,26069.67,196220.73,9315.55,5253.48,5950.29,6337.84,1692,6106.74,336,31506.45,212227.5,60645.6,0,20067,1599,0,93599.02,9615.82,2757.75,0,2085.85,0,2371.53,1060.66,1832.13,-2.08502E-10
10/31/2017,840697.48,607.99,0,1235.53,100,0,1142914.37,2450.2,0,13100,107787,43496,254985.96,-331869.44,319,1942707.07,-1942707.07,-605138.96,0,-70219.66,-45000,-18100.09,0,-6407.3,58778.24,0,0,-108460.41,0,0,0,-117.65,0,0,-15052.1,-1000,930400,-162907.1,-535506.71,-1290013.78,-224137.02,-1423570.38,-1301293.75,-286776.02,-12350.06,-295526.64,-12630,-444416.95,-1637622.33,-5065,0,-1773.96,0,0,0,0,0,2188408.05,743146.18,368529.2,155231.54,69585.61,45000,158112.74,0,72344.1,95370.44,54634.87,301810.99,9766.31,246253.77,0,2520.01,3435.72,26.6,20790.18,469.22,0,0,0,133,2032.92,3705.77,17277.01,0,281,73200.99,864.55,3343.43,7824.25,10517.53,3326.2,5847.73,28966.3,223798.76,10271.85,6022.86,5953.05,7037.6,1880,6351.52,1416.67,34284.61,235477.52,67432.83,0,20067,1599,0,102599.02,11428.84,2907.75,0,2085.85,0,2678.15,1060.66,973.79,5.30918E-10
11/30/2017,836573.81,100.12,0,1235.53,100,0,1227593.06,2367.2,0,13100,107787,43496,254985.96,-334766.07,319,1942707.07,-1942707.07,-573441.33,0,-82323.49,-49500,-16402.15,0,-5849.49,58778.24,0,0,-124173.07,0,0,0,-117.65,0,0,-15052.1,-1000,930400,-162907.1,-535506.71,-1416997.74,-238840.78,-1557588.64,-1417670.53,-286776.02,-12350.06,-348397.2,-14030,-474268.25,-1782836.2,-15604.21,0,-2130,0,0,0,0,0,2437575.75,806526.01,393981.94,157518.36,74894.14,49500,183603.72,0,79875.15,104327.87,60080.79,334435.48,10608.89,272610.8,0,2533.42,2988.65,26.6,20790.18,469.22,0,0,0,5277.96,2215.08,3918.44,17277.01,0,281,73200.99,959.42,3503.43,8198.83,12256.51,3341.98,6373.5,31862.93,239890.14,11364.31,6748.57,7137.2,7737.36,2068,6524.58,1416.67,35868.94,281755.73,75012.26,0,20567,1599,0,111599.02,11875.77,3055.25,0,2085.85,0,2678.15,1060.66,634.36,-1.62242E-09
12/31/2017,106161.11,157.16,0,1235.53,100,0,768095.81,2284.2,0,13100,107787,43496,254985.96,-333998.24,9212.68,1942707.07,-1942707.07,0,0,0,0,-15553.18,0,-5291.68,0,0,0,-133953.44,0,0,0,0,0,0,0,-1000,991112,-162907.1,-535506.86,-1416997.74,-256344.22,-1557588.64,-1419070.53,-317167.13,-12350.06,-371290.33,-20255,-480593.25,-1782836.2,-15604.21,0,-2441.92,0,0,0,0,0,2670335.43,893963.04,423869.83,159098.83,77961.98,70550,193073.71,0,89595.77,120788.03,63619.6,365930.51,11486.34,302710.7,0,2560.24,3015.47,26.6,20790.18,469.23,0,0,0,9737.88,2215.08,4016.28,17277.01,0,281,73307.31,990.46,3663.43,8670.75,15733.33,4084.91,6579.67,31095.1,257186.76,12342.95,7154.03,7690.15,8437.12,2156,7020.75,1580.35,38102.45,305005.75,82686.02,0,21267,1599,0,120599.02,13669.82,3202.75,0,2085.85,0,2678.15,1060.66,0,1.16802E-09
1/31/2018,363365.92,187.67,0,1235.53,100,0,1185469.5,6201.2,0,13100,107787,43496,254985.96,-336864.26,212.68,1942707.07,-1942707.07,-78999.26,0,-38149.83,-4500,-14704.21,0,-4733.87,0,0,0,-138572.46,0,0,0,0,0,0,0,-1000,0,-162907.1,-653911.81,-204803.83,0,-268036.52,-232753.57,-3730.81,0,-6985.49,0,-68647.6,-290427.74,350,0,-104.93,0,0,0,0,0,169554.07,77624.93,21338.8,13612.14,5284.68,4500,30229.28,0,7558.62,33180.04,4557.22,29549.24,937.1,24179.29,0,2037.47,1457.59,15.81,8519.32,5.53,0,0,0,191.58,375.98,293,2457.4,0,0,9332.99,24.08,160,1078.65,1088.77,43.24,1308.89,2866.02,24882.78,1290.82,221.97,682.84,0,99.15,-260.24,0,2150.74,25250,5106.04,0,500,0,0,18000,779.72,445,0,0,0,790.51,0,40.77,-2.98293E-10
2/28/2018,393616.83,8751.53,0,1235.53,100,0,1302821.04,6118.2,0,13100,107787,43496,254985.96,-339730.28,212.68,1942707.07,-1942707.07,-131690.83,0,-37541.83,-9000,-13855.24,0,-4176.06,0,0,0,-131714.76,0,0,0,0,0,0,0,-1000,0,-162907.1,-653911.81,-310874.71,0,-402054.78,-414427,-41297.53,0,-27229.27,0,-95998.9,-435641.66,350,0,-310.73,0,0,0,0,0,402247.49,173632.38,62497.85,20783.72,13066.42,9000,36645.11,0,15353.49,33180.04,9641.82,62348.37,1873.06,50098.11,0,2689.16,2383.07,18.2,8519.32,256.81,0,0,0,191.58,546.49,410.55,2457.4,0,0,9332.99,188.07,320,1505.14,2166.14,60.19,2183.76,5732.04,49515.42,2156.77,695.09,1235.79,395,287.15,-260.24,0,3983.61,50500,11720.79,0,1000,0,0,27000,1606.82,799,0,0,0,790.51,0,33.24,-8.70912E-11
3/31/2018,904516.59,260.68,0,1235.53,100,0,980978.19,6118.2,0,13100,107787,43496,285748.76,-343075.68,212.68,1942707.07,-1942707.07,-100735.17,0,-50405.66,-13500,-13006.27,0,-3618.25,0,-28283.42,0,-144917.99,0,0,0,0,0,0,0,-1000,0,-162907.1,-653911.81,-463002.34,0,-571014.58,-545508.04,-62577.84,0,-49398.36,0,-134960.2,-595904.22,350,0,-1116.13,0,0,-2000,0,0,599973.24,234929.19,103216.56,42046.77,16761.81,13500,58693.67,0,23587.56,45842.27,14673.52,90357.89,2876.07,73203.2,0,2705.23,2431.21,18.2,8519.32,569.29,0,0,0,547.33,734.48,658.53,2457.4,0,0,9062.99,188.07,480,2048.7,3582.64,60.19,2806.22,9077.44,70260.46,3110.2,3768.66,2536.26,395,475.15,-260.24,52.99,7564.48,75750,19049.9,0,1500,0,6934.64,36000,2307.69,1061.5,0,0,0,790.51,0,33.24,1.03818E-09
4/30/2018,943225.22,142.91,0,1235.53,100,0,1111898.08,6118.2,0,13100,107787,43496,285748.76,-346421.08,212.68,1942707.07,-1942707.07,-157465.21,0,-57797.49,-18000,-12157.3,0,-3060.44,0,-28283.42,0,-135362.26,0,0,0,0,0,0,0,-1000,0,-162907.1,-653911.81,-597858.36,0,-710856.43,-662186.7,-79646.74,0,-76782.59,0,-181347.67,-756166.78,350,0,-1484.92,0,0,-2000,0,0,817818.64,310149.52,141823.52,61438.9,22836,18000,64516.83,0,32214.13,45842.27,19691.48,120002.37,4120.75,97193.34,0,2755.18,2482.54,18.2,13699.32,569.29,0,0,0,1272.33,916.64,973.2,6934.74,0,0,20614.49,194.35,910.28,2583.66,4864.72,60.19,3323.26,12422.84,89053.71,4030.57,4382.53,2568.26,395,663.15,1685.47,208.99,10286.51,101000,26206.53,1006.38,1500,0,6934.64,45000,3027.83,1659,0,0,0,1097.13,300,33.24,1.994E-10
5/31/2018,923598.07,90.81,0,1235.53,100,0,1329626.12,6118.2,0,13100,107787,43496,285748.76,-350067.58,212.68,1942707.07,-1942707.07,-152821.07,0,-38301.83,-22500,-11308.33,0,-2502.63,0,-27804.04,0,-131642.54,0,0,0,0,0,0,0,-1000,0,-162907.1,-653911.81,-773643.05,0,-850698.28,-778865.36,-144651.54,0,-141094.18,-1975,-196047.42,-916429.34,-3410,0,-1850.63,0,0,-2000,0,0,1039261.61,362171.15,189300.9,71241.85,43428.81,22500,74239.24,0,40941.51,45842.27,24483.37,150038.01,4966.77,121030.79,0,2783.47,2527.47,18.2,13699.32,569.29,0,0,0,1272.33,1104.63,1239.66,6934.74,0,0,20614.49,371.84,1095.23,3462.04,6092.64,60.19,3520.1,16069.34,107155.24,4950.8,4902.89,2568.26,395,851.15,2674.27,208.99,16159,126250,33783.35,1006.38,11592,0,18893.77,45000,3685.81,1806.5,0,0,0,1097.13,300,156.76,-4.91809E-10
6/30/2018,668753.06,124.79,0,1235.53,100,0,925330.26,6118.2,0,13100,107787,43496,285748.76,-353792.15,212.68,1942707.07,-1942707.07,-61519.64,0,-37848.87,-27000,-10459.36,0,-1944.82,0,-27324.66,0,-129024.38,0,0,0,82.94,0,0,0,-1000,600000,-162907.1,-653911.81,-904471.05,0,-990540.13,-895544.02,-162712.92,0,-187073.33,-1975,-242830.61,-1076691.9,-3410,0,-2807.67,0,0,-2000,0,0,1249324.29,495429.92,242410.88,75490.54,82579.53,27000,91671.99,0,49803.13,57702.15,29390.62,181284.06,5988.14,145341.44,0,2783.47,2528.82,18.2,13699.32,595.32,0,0,0,1272.33,1297.92,1297.45,6934.74,0,150,28760.56,379.01,1821.02,4322.79,7600.62,60.19,4388.8,19793.91,126478.19,5940.55,6050.38,2689.89,395,1227.15,3719.14,208.99,18232.53,151500,41487.92,1006.38,12128,0,18893.77,54000,4358.75,2446.5,0,0,105,1954.14,600,156.76,-5.47061E-10
7/31/2018,926179.46,62.25,0,1235.53,100,0,834680.42,6076.7,0,13100,107787,43496,285748.76,-357521.7,212.68,1942707.07,-1942707.07,-121970.97,0,-36325.83,-31500,-9610.39,0,-1387.01,0,-26845.28,0,-123428.2,0,0,0,248.82,0,0,0,-1000,600000,-162907.1,-653911.81,-997387.78,0,-1130381.98,-1012222.68,-195348.37,0,-229516.35,-3275,-260854.33,-1237544.56,-3410,0,-3160.17,0,0,-2000,0,0,1434354.23,552388.23,275675.13,89693.65,88260.98,31500,100497.09,0,58067.32,69725.53,32668.45,208526.24,7235.83,167253.79,0,2783.47,2528.82,18.2,18879.32,595.32,0,0,0,1272.33,1497.41,1351.12,11647.94,0,150,42681.13,553.65,1981.02,4824.14,8849.21,1256.75,4835.88,23523.46,146813.32,6857.01,6938.16,2659.72,395,1415.15,5034.13,208.99,22323.66,176750,48695.92,1006.38,12628,0,18893.77,75765.69,5086.04,2586.5,0,0,105,2260.76,1051.62,31.43,-6.16929E-10
8/31/2018,999353.98,37.67,0,1235.53,100,0,827979.96,5993.7,0,13100,107787,43496,285748.76,-361480.93,212.68,1942707.07,-1942707.07,-82967.34,0,-38757.83,-30000,-8761.42,0,-829.2,0,-26365.9,0,-110158.78,0,0,0,165.88,0,0,0,-1000,600000,-162907.1,-653911.81,-1108656.67,0,-1270223.83,-1128901.34,-228323.29,0,-264803.73,-3475,-282089.08,-1398127.26,-3410,0,-3600.23,0,0,-2000,0,0,1667884.27,606894.58,304400.26,96344.64,97777.32,44000,102243.92,0,67556.45,69725.53,36565.93,240391.89,8242.87,192298.71,0,2787.47,2528.82,18.2,18879.32,1038.52,0,0,0,1272.33,1696.9,1412.75,11647.94,0,150,42681.13,624.73,2141.02,5424.29,10179.2,6638.41,5462.14,27482.69,163430.45,7815.88,8589.42,2659.72,395,1603.15,6362.63,244.99,28855.79,202000,56741.83,1006.38,12628,0,18893.77,84765.69,6122.33,2726.5,0,0,105,3117.77,1051.62,31.43,-1.39136E-09
9/30/2018,1116956.19,-369.1,0,1235.53,100,0,888404.35,5910.7,0,13100,107787,43496,285748.76,-365440.16,212.68,1942707.07,-1942707.07,-126320.66,0,-19317.08,-34500,-7912.45,0,-271.39,0,-25886.52,0,-116690.84,0,0,0,96.2,0,0,0,-1000,600000,-162907.1,-653911.81,-1234830.53,0,-1410065.53,-1245580,-267515.12,0,-275889.72,-6965,-308918.83,-1622411.69,-9200,0,-4005.65,0,0,-2000,0,0,1885294.59,674845.93,338722.54,112800.01,116191.82,48500,130424.12,206.72,76664.16,83608.3,40940.19,270833.29,9086.65,217756.24,0,2915.16,2528.82,18.2,18879.32,1038.52,0,0,0,2575.11,1890.19,1550.59,11647.94,0,150,42681.13,632.63,2301.02,6072.83,11507.34,6638.41,5462.14,31441.92,188212.43,8732.1,9236.44,2780.42,395,1791.15,6723.69,244.99,30845.26,227250,64441.48,1006.38,13628,0,18893.77,93765.69,7936.82,2866.5,0,0,105,3117.77,1051.62,31.43,-1.57144E-09
10/31/2018,1065999.75,2333.77,0,1235.53,100,0,935749.68,5827.7,0,13100,107787,43496,285748.76,-369399.39,212.68,1942707.07,-1942707.07,-147975.39,0,-37722.16,-39000,-7063.48,0,286.42,0,-25407.14,0,-131408.1,0,0,0,96.2,0,0,0,-1000,600000,-162907.1,-653911.81,-1296249.52,0,-1550562.94,-1362258.66,-267515.12,0,-280390.9,-10665,-325293.51,-1865446.42,-9200,0,-4639.11,0,0,-2000,0,0,2121326.34,786663.36,363801.79,118588.75,156132.42,53000,156319.73,206.72,85218.42,93673.62,56078.85,299389.51,10518.18,243937.27,0,3126.33,2528.82,18.2,24059.32,1696.36,0,0,0,3022.71,2089.68,1603.97,16259.41,0,200,54759.7,709.32,4779.97,6727.73,13044.07,6638.41,6245.05,35401.15,207761.48,9662.3,9846.42,2792.23,395,1979.15,6723.69,749.16,35883.33,252500,71991.83,1006.38,13628,150,18893.77,102765.69,6713.48,3024,0,0,105,3117.77,1051.62,9536.8,-2.32831E-09
11/30/2018,866606.91,697.86,0,1235.53,100,0,1278707.74,4744.7,0,13100,107787,43496,285748.76,-373358.62,212.68,1942707.07,-1942707.07,-185221.67,0,-6004,-43500,-6214.51,0,832.31,0,-24927.76,0,-141342.14,0,0,0,96.2,0,0,0,-1000,600000,-162907.1,-653911.81,-1379979.47,0,-1691060.35,-1478937.32,-267515.12,0,-342493.66,-10665,-342493.26,-2131669.56,-13325,0,-5191.43,0,0,-2000,0,0,2372307.78,852964.71,384243.04,123807.78,194060.24,57500,180015.43,413.44,94306.45,103485.33,68516.71,330825.18,11636.92,270655.3,0,3161.47,2528.82,18.2,24059.32,1696.36,0,0,0,3069.71,2282.97,2104.62,16259.41,0,373,54759.7,824.23,5009.92,7478.84,15167.18,7479.6,6448.64,39360.38,229328.28,10728.95,10636.49,2792.23,395,2167.15,6699.72,831.3,38504.53,277750,81276.91,1006.38,14128,150,18893.77,111765.69,7922.06,3179,1236,0,105,2951.9,1051.62,31.43,-2.32178E-09
12/31/2018,132985.04,578.46,0,1235.53,100,0,783485.54,4661.7,0,13100,107787,43496,215334.76,-299526.04,106.36,1942707.07,-1942707.07,0,0,0,0,-6771.88,0,0,0,-24448.38,0,-139895.15,0,0,0,0,0,0,0,-1000,983000,-162907.1,-653911.81,-1379979.47,0,-1691060.35,-1478937.32,-287795.44,0,-361875.12,-10665,-379298.89,-2131669.56,-13325,0,-5534.71,0,0,-2000,0,0,2613945.69,962727.81,402586.12,137245.69,239822.51,84300,193578.48,413.44,107601.31,120345.52,78100.98,359496.06,12862.29,301202.01,0,3161.47,2528.82,18.2,29239.32,1835.33,0,0,0,14247,2282.97,2500.46,16259.41,0,423,67560.33,824.23,5169.92,7877.8,17339.71,10303.42,7124.58,35941.8,246087.12,11818.14,11672.71,2792.23,395,2520.03,7895.27,831.3,38908.47,315795.33,89109.51,1006.38,15128,150,18893.77,120765.69,9630.89,3334,1236,2238.65,105,3808.91,1051.62,691.13,1.29683E-09
1/31/2019,468429.19,522.52,0,1235.53,100,0,1225883.06,4578.7,0,13100,107787,43496,215334.76,-301679.5,106.36,1942707.07,-1942707.07,-90139.79,0,-37459.08,-4500,-5922.91,0,0,0,-23969,0,-140985.77,0,0,0,0,0,0,0,-1000,0,-162907.1,-668321.84,-139967.24,0,-280994.82,-233357.32,-28762.92,0,-6838.03,0,-38573.25,-477050.7,0,0,-312.13,0,0,0,0,0,210514.04,74909.51,21273.65,15859.23,20202.19,4500,25851.95,0,9725.27,27564.09,10042.6,28736.89,1225.67,27412.29,0,1899.39,1520.71,12.2,97.38,0,0,0,0,340.22,398.98,52.09,3477.36,0,0,930.9,93.58,189.57,609.74,1177.26,72.96,820.99,2153.46,20297.6,935.76,505.14,121.63,0,188,-82.82,172.8,2376.26,26753.57,4417.13,0,4300,0,0,9000,937.56,575,0,0,0,0,0,6.48,2.93749E-10
2/28/2019,611222.31,238.53,0,1235.53,100,0,1237453.21,4495.7,0,13100,107787,43496,215334.76,-303832.96,106.36,1942707.07,-1942707.07,-93440.81,0,-56733.08,-9000,-5073.94,0,0,0,-23489.62,0,-137601.7,0,0,0,0,0,-40.15,0,-1000,0,-162907.1,-668321.84,-281637.34,0,-421492.23,-350354.44,-84227.31,0,-6838.03,0,-58741.48,-718137,0,0,-947.43,0,0,0,0,0,465891.1,150637.23,59713.26,23724.18,34616.32,9000,38624.37,0,19849.29,37145.05,21202.2,59762.01,2480.08,56215.56,0,2556.79,2456.43,14.01,97.38,0,0,0,0,1116.7,579.88,403.93,3477.36,0,0,930.9,263.39,349.57,1185.28,2355.4,72.96,1813.49,4306.92,38994.39,1862.77,1091.39,121.63,0,376,-82.82,172.8,6111.2,52003.57,13530.64,0,4800,0,0,27000,1691.95,732.5,0,0,0,0,0,0,1.26647E-10
3/31/2019,893070.99,165.26,0,1235.53,100,0,1111122.37,4412.7,0,13100,107787,43496,215334.76,-305986.42,106.36,1942707.07,-1942707.07,-151586.76,0,-55213.08,-13500,-4224.97,0,0,0,-23010.24,0,-150220.27,0,0,0,0,0,0,0,-1000,0,-162907.1,-668321.84,-403640.23,0,-561989.64,-467351.56,-106885.81,0,-26082.73,-291.18,-86336.44,-945475.25,0,-149,-1859.49,0,0,0,0,0,707300.22,235069.89,105654.98,37989.77,62563.49,13500,62392.85,0,27362.62,52012.94,31829.51,87918.81,3805.85,82503.02,0,2635.69,2588.68,14.01,97.38,0,0,0,0,1276.7,779.37,813.46,3477.36,0,0,930.9,335.72,474.57,1635.91,3547.02,2186.6,2605.77,6460.38,53157.44,2791.64,1836.26,121.63,0,564,-1595.06,248.8,13853.8,77253.57,21387.25,0,5300,0,0,27000,2537.15,1024.08,0,0,0,857.01,0,0,1.54841E-10
4/30/2019,866725.67,1016.07,0,1235.53,100,0,1286309.65,6329.7,0,13100,107787,43496,215334.76,-308139.88,106.36,1942707.07,-1942707.07,-233049.32,0,-57341.08,-18000,-3376,0,0,0,-22530.86,0,-150261.86,0,0,0,0,0,0,0,-1000,28959,-162907.1,-668321.84,-551399.37,0,-702487.05,-587758.07,-151487.79,0,-65831.89,-291.18,-103444.18,-1207821.88,0,-149,-2502.49,0,0,0,0,0,969534.28,328676.74,147070.28,58157.6,96975.34,18000,73217.75,932.64,36849.48,52012.94,40260.7,117070.52,5160.07,108778.84,0,2667.89,3161.88,14.01,5598.88,0,0,0,0,1476.7,983.79,952.05,11452.91,0,30,35347.88,517.94,499.52,2211.87,4687.96,2399.13,3414.39,8613.84,69860.87,3847.53,2363.92,121.63,0,752,6141.95,699.8,25556.14,102503.57,28615.01,0,8935,0,0,36000,3434.77,1184.08,0,0,0,857.01,0,0,-4.08136E-10
5/31/2019,1082863.82,513.67,0,1235.53,100,0,1163177.01,6088.2,0,13100,107787,43496,215334.76,-310293.34,106.36,1942707.07,-1942707.07,-132526.35,0,-57493.08,-22500,-2527.03,0,0,0,-22051.48,0,-144986.37,0,0,0,69.29,0,0,0,-1000,28959,-162907.1,-668321.84,-735668.82,0,-842984.46,-704755.19,-180796.28,0,-131561.84,-291.18,-118566.92,-1466201.07,-2625,-149,-4125.54,0,0,0,0,0,1229998.52,422490.81,203661.39,84400.68,109781.54,22500,85734,1139.36,46777.05,52219.66,49849.16,147189,6486.36,135712.17,0,2711.84,3217.44,14.01,5598.88,288.32,0,0,0,1476.7,1194.78,1328.45,11452.91,0,225,35347.88,627.64,499.52,2707.96,5852.77,2399.13,3993.22,10767.3,88426.78,4901.08,4902.5,121.63,0,940,5627.64,699.8,29247.75,127753.57,37212.37,0,9435,0,0,45000,4488.59,1944.08,0,0,0,857.01,300,0,4.79986E-10
6/30/2019,1256446.91,193.12,0,1235.53,100,0,1222141.3,5688.2,-2345,13100,107787,43496,215334.76,-312446.8,106.36,1942707.07,-1942707.07,-199667.28,0,-56125.08,-27000,-829.09,0,0,0,-21572.1,0,-148573.85,0,0,0,69.29,0,0,0,-1000,28959,-162907.1,-668321.84,-871804.85,0,-983481.87,-821752.31,-212206.16,0,-197884.52,-2266.18,-190934.18,-1700153.36,-2625,-149,-4735.25,0,0,0,0,0,1482688.22,541398.46,254394.14,91722.17,130062.17,27000,104599.33,1295.6,56758.47,65943.7,59677.15,177703.65,7644.81,162607.77,0,2759.37,3269.99,14.01,5598.88,533.86,0,0,0,1476.7,1399.2,1584.27,11452.91,0,225,35347.88,695.63,499.52,3189.45,7145.39,3384.81,4366.36,12920.76,103500.32,6028.14,5722,121.63,0,940,6155.83,699.8,34975.02,153003.57,45005.27,0,9935,0,3998.21,54000,5354.24,2104.08,0,0,0,1714.02,300,1206.59,3.63116E-10
7/31/2019,877006.2,295.04,0,1235.53,100,0,1019476.92,5288.2,0,13100,107787,43496,215334.76,-314600.26,106.36,1942707.07,-1942707.07,-163173.84,0,-69058.16,-31500,-829.09,0,0,0,-21092.72,0,-145901.28,0,0,0,69.29,0,0,0,-1000,728959,-162907.1,-668321.84,-1004023,0,-1123979.28,-938749.43,-243475.87,0,-241107.51,-3526.18,-210659.18,-1983052.66,-6705,-149,-5210.04,0,0,0,0,0,1721609.41,631232.27,301931.04,95507.87,163115.41,31500,116582.02,1295.6,66469.73,79613.96,69616.51,207107.75,8850.05,188491.33,0,2771.75,3272.73,14.01,16470.72,960.26,0,0,0,1476.7,1610.19,1701.53,11452.91,0,225,49542.04,775.86,2874.09,3761.63,8412.19,3384.81,4750.88,15074.22,120796.82,7091.11,7567.83,121.63,0,1128,6220.83,699.8,39624.69,178253.57,52936.1,0,10435,0,3998.21,75887.18,6278.51,2264.08,0,0,0,1714.02,300,-4.71,-3.5785E-10
8/31/2019,935011.27,727.5,0,1235.53,100,0,1157469.56,4888.2,0,13100,107787,43496,215377.85,-316753.72,106.36,1942707.07,-1942707.07,-215486.95,0,-70054.16,-36000,0,0,0,0,-20613.34,0,-121077.06,0,0,0,0,0,0,0,-1000,728960.05,-162907.1,-668321.84,-1144159.7,0,-1264476.69,-1055746.55,-281452.73,0,-273904.52,-4776.18,-236855.67,-2293698.66,-6705,-149,-5617.26,0,0,0,0,0,1996496.05,743452.85,340709.47,100343.77,179798.13,36000,125988.44,1295.6,77257.02,79613.96,79521.12,240846.13,10236.58,218636.95,0,2905.33,3285.04,14.01,16470.72,1029.55,0,0,0,1556.7,1821.18,1749.35,18070.26,0,225,49542.04,835.43,2874.09,4261.12,9589.02,15109.38,5326.35,17227.68,140822.59,9071.47,8485.14,121.63,0,1316,5213.86,699.8,46699.28,203503.57,61995.53,0,10935,0,3998.21,84887.18,7208.36,2529.08,0,3.77,0,1714.02,208.71,-4.71,-4.32911E-10
9/30/2019,880441.61,329.11,0,1235.53,100,0,1262102.49,4488.2,0,13100,107787,43496,215377.85,-318907.18,106.36,1942707.07,-1942707.07,-188741.91,0,-18750,-40500,0,0,0,0,-20133.96,0,-119601.59,0,0,0,0,0,0,0,-1000,728960.05,-162907.1,-668321.84,-1252799.37,0,-1404973.95,-1169970.06,-303161.91,0,-284221.88,-4776.18,-267701.84,-2519484.16,-11215,-149,-6046.8,0,0,0,0,0,2230103.85,800296.04,374943.32,107264.65,180252.19,40500,144971.41,1608.08,87019.05,94376.59,89886.78,271347.95,11369.89,245598.62,0,3032.22,3334.74,14.01,16470.72,1029.55,0,0,0,1822.06,2041.69,1793.05,18070.26,0,225,49542.04,992.22,2874.09,4562.61,10761.04,15109.38,5700.2,19381.14,168743.04,10150.38,9902.08,121.63,0,1504,7704.31,699.8,48997.67,228753.57,69445.02,0,10935,0,3998.21,93887.18,8725.32,3199.08,0,3.77,0,2571.03,208.71,-4.71,-3.90165E-10
10/31/2019,925450.97,150.73,0,0,100,0,1195734.57,4088.2,0,13100,107787,43496,215377.85,-321060.64,106.36,1942707.07,-1942707.07,-168421.27,0,0,-45000,0,0,0,0,-19654.58,0,-121628.9,0,0,0,0,0,0,0,-1000,730195.58,-162907.1,-668321.84,-1347239.52,0,-1546154.23,-1281816.19,-303161.91,0,-297405.46,-13107.1,-333797.26,-2710934.49,-11215,-149,-6474.93,0,0,0,0,0,2482115.57,846704.39,387246.57,108096.01,228213.4,45000,177044.06,1608.08,97413.34,104200.84,100400.86,301734.01,12803.98,273417.46,0,3102.28,3419.55,14.01,26996.22,1673.56,0,0,0,1912.06,2269.31,3674.48,18070.26,0,225,78258.04,1086.05,3293.06,5179.1,12043.98,21037.87,6064.85,21534.6,192636.98,11379.02,11359.96,121.63,0,1692,6113.62,882.8,56815.89,254003.57,78060.55,0,11435,0,3998.21,102887.18,10472.52,3371.58,0,3.77,0,2571.03,208.71,-4.71,-9.5489E-11
11/30/2019,737799.65,177.16,0,0,100,0,1337447.84,3688.2,0,13100,107787,43496,215377.85,-323214.1,106.36,1942707.07,-1942707.07,-568481.2,0,0,-49500,0,0,0,0,-19175.2,0,-126177.09,0,0,0,0,0,0,0,-1000,1187309.11,-162907.1,-668321.84,-1424333.31,0,-1687334.51,-1391850.04,-303161.91,0,-337965.26,-16682.1,-348920,-2911033.48,-19815,-149,-6859.33,0,0,0,0,0,2751872.79,881227.7,416432.76,117100.07,245395.15,49500,200879.05,1814.8,118275.13,113929.04,114748.61,334128.25,13951.87,301944.7,0,3127.31,3448.52,14.01,26996.22,1673.56,0,0,0,7012.1,2489.82,5685.89,22890.99,0,225,78258.04,1126.72,3438,5642.59,13944.42,21037.87,6531.62,23688.06,215600.41,12624.66,12171.91,121.63,0,1880,7499.54,997.8,58885.16,292853.57,82397.24,0,12435,0,3998.21,111887.18,12390.45,3539.08,0,3.77,0,2571.03,208.71,-4.71,4.35656E-10
12/31/2019,0,34.7,0,0,95.29,10129.24,993525.97,3288.2,0,13100,107787,43496,215420.94,-328195.02,348,1942707.07,-1942707.07,-8931.79,-23737.03,0,0,0,0,0,0,-18695.82,0,-109685.38,-8508.78,0,0,0,0,0,0,-1000,1187309.11,-162907.1,-668321.84,-1424333.31,0,-1687334.51,-1404380.82,-322768.79,0,-369357.74,-16682.1,-356245,-2929481.42,-21390,-149,-7182.06,0,0,0,0,0,3010514.13,948255.12,435442.53,149409.22,251406.36,86815.68,193367.95,10479.82,119262.01,135022.4,127777.59,348186.81,15446.66,332959.82,0,3191.73,3545.15,14.01,26996.22,1880.62,0,0,0,8785.4,2489.82,7535.89,22890.99,0,225,78364.4,1159.93,3705.11,5901.7,15238.61,21834.84,6646.31,28668.98,234359.01,13380.5,12650.85,121.63,0,1836.91,7407.62,997.8,59108.51,316600,86007.59,0,12935,0,3998.21,120887.18,14553.85,3704.08,0,3.77,0,2571.03,208.71,0,8.71268E-10
1/31/2020,377135.54,248.94,0,0,95.29,0,1340459.74,2888.2,0,13100,107787,43496,215420.94,-329005.41,348,1942707.07,-1942707.07,-162144.63,0,0,-4500,0,0,0,0,-18216.44,0,-110277.96,-8508.78,0,0,0,0,0,0,-1000,0,-162907.1,-725564.42,-235201.43,0,-296638.66,-233994.24,-22923.01,0,-42211.02,0,-42327.67,-362296.38,-11500,0,-164.46,0,0,0,0,0,232803.26,72710.73,45438.85,30711.33,25463.88,4500,37314.46,764.12,10344.08,28432.43,13912.07,32350.24,1348.65,31585.86,0,2110.72,2386.9,5.44,0,0,0,0,0,3254.24,455.24,2046.06,3653.57,0,0,0,225.08,274.98,1055.96,1939.01,337.58,1257.2,810.39,25490.96,1294.92,2718.72,0,0,386,-653.54,53,4912.77,25250,7326.4,0,375,0,1950,9000,979.85,968.54,0,0,0,857.01,0,0,-2.36241E-10
2/29/2020,491068.13,141.37,0,0,95.29,0,1297123.24,2488.2,0,13100,107787,43496,215420.94,-329815.8,348,1942707.07,-1942707.07,-128343.87,0,0,-9000,0,0,0,0,-17737.06,0,-110978.94,-8508.78,0,0,0,0,0,0,-1000,0,-162907.1,-725564.42,-430479.09,0,-441388.46,-361077.46,-33720.98,0,-62826.56,0,-61579.56,-550884.02,-11500,0,-600.3,0,0,0,0,0,490653.73,139549.24,101158.26,39053.83,50560.37,9000,51185.21,1495.08,20351.59,38073.41,23192.56,62343.04,2643.75,61371.22,0,2741.31,3423.3,7.01,0,655.28,0,0,0,3269.24,668.65,2292.49,3653.57,0,0,0,407.77,399.98,1474.45,3318.26,337.58,2246.41,1620.78,51021.62,2475.07,3293.86,0,0,836,-653.54,452,8187.26,50500,16139.03,0,1375,0,3900,18000,2169.47,1144.08,0,0,0,857.01,0,0,-3.61752E-10
3/31/2020,513571.33,138.65,0,0,95.29,0,1177418.58,2088.2,0,13100,107787,43496,215420.94,-330626.19,348,1942707.07,-1942707.07,-153127.45,0,0,-13500,0,0,0,0,-17257.68,0,-125699.72,-8508.78,0,0,0,0,0,0,-1000,212000,-162907.1,-725564.42,-502148.72,0,-586138.26,-488160.68,-58957.89,0,-84725.64,0,-107182.12,-733505.32,-11500,0,-693.76,0,0,0,0,0,731267.23,171036.12,130977.41,53615.12,66317,13500,81719.92,2530.19,30288.46,53015.93,36585.35,89975.84,4001.7,88763.79,0,2771.87,3504.46,7.01,0,655.28,0,0,0,3269.24,896.27,2869.08,3653.57,0,0,0,446.63,2342.86,1978.22,4699.04,348.79,2726.52,2431.17,76193.63,3578.33,5191.61,0,0,1024,-653.54,452,10233.73,75750,22971.47,0,7425,0,3900,27000,3042.33,1317,0,0,0,1714.02,406.09,0,-3.15481E-11
4/30/2020,1461209.08,264.99,0,0,95.29,0,1000141.68,1688.2,0,13100,107787,43496,215420.94,-331436.58,348,1942707.07,-1942707.07,-153886.6,0,0,-18000,0,0,0,0,-16778.3,-872500,-127522.24,-8508.78,0,0,0,0,0,0,-1000,212000,-162907.1,-725564.42,-534527.67,0,-730888.07,-615243.9,-58957.89,0,-101682.1,0,-122740.19,-921150.64,-11500,0,-727.29,0,0,0,0,0,1011399.25,216719.44,130030.37,68583.95,79359.48,18000,95447.22,3618.54,40721.4,53015.93,48756.45,122103.4,5356.39,120691.16,0,2802.95,3564.59,7.01,11004.8,655.28,0,0,0,3348.93,1116.78,3049.08,10439.28,0,0,22850.16,504.18,8891.5,2489.08,6683.32,3958.79,3163.6,3241.56,99526.38,5969.73,5620.59,0,0,1212,-653.54,452,12749.71,146875,30883.46,0,7425,0,3900,36000,4404.28,1912,0,0,0,1714.02,406.09,0,-1.52511E-10
5/31/2020,1302776.87,233.18,0,0,95.29,0,1103606.84,1288.2,0,13100,107787,43496,215420.94,-332246.97,348,1942707.07,-1942707.07,-49919.55,0,0,-22500,0,0,0,0,-16298.92,-872500,-119787.93,-8508.78,-1500.8,0,0,0,0,0,-1000,212000,-162907.1,-725564.42,-575425.49,0,-875637.88,-742327.12,-58957.89,0,-111296.14,0,-144461.4,-1096563.27,-11500,0,-791.61,0,0,0,0,0,1271778.85,244312.26,130030.37,69902.5,88986.69,22500,103652.82,4485.79,50913.9,53015.93,57323.32,152477.08,6618.45,145507.89,0,2829.79,3605.17,7.01,11004.8,655.28,1128.16,1500.8,0,3348.93,1344.4,3049.08,10439.28,0,0,22614.16,707.78,11052.89,2999.94,8451.73,5257.37,3657.26,4051.95,128524.6,7103.03,5785,0,0,1400,-6465.35,452,17154.49,168090.63,38505.44,0,8925,0,6500,45000,5148.15,2084.92,0,0,0,1714.02,406.09,3.3,1.35707E-09
6/30/2020,626265.81,720.29,0,0,95.29,0,978818.45,888.2,0,13100,107787,43496,215420.94,-333057.36,348,1942707.07,-1942707.07,-73434.21,0,0,-27000,0,0,0,0,-15819.54,-872500,-121978.1,-8508.78,-4303.65,0,0,0,0,0,-1000,1112000,-162907.1,-725564.42,-643755.49,0,-1020387.69,-869410.34,-58957.89,0,-119444.38,-2250,-171672.73,-1317031.92,-11500,0,-864.21,0,0,0,0,0,1508819.66,270231.21,130697.4,70662.78,107198.64,27000,123261.89,5138.4,60862.46,68223.53,65937.32,181029.08,7804.5,171331.94,0,2829.79,3618.34,7.01,27494,1002.98,2762.56,1500.8,0,3772.29,1576.04,3149.08,10439.28,0,0,67483.16,735.64,12883.18,3474.8,10127.63,5257.37,4047.14,4862.34,149871.43,8324.05,5843.63,0,0,1588,-6465.35,452,19784.5,190156.27,45621.14,0,8925,0,6500,54000,5917.99,2930.76,0,0,0,2571.03,1157.71,7.43,2.63917E-10
7/31/2020,753185.43,217.84,0,0,95.29,0,970114.48,488.2,0,13100,107787,43496,215420.94,-333867.75,348,1942707.07,-1942707.07,-162882.53,0,0,-31500,0,0,0,0,-15340.16,-872500,-116961.7,-8508.78,-6169.68,0,0,0,0,0,-1000,1112000,-162907.1,-725564.42,-732508.49,0,-1165137.5,-996493.56,-68622.39,0,-136624.43,-4913.14,-187230.8,-1505967,-11500,0,-887.78,0,0,0,0,0,1748535.85,377931.29,130915.31,77760.29,122047.72,31500,133559.38,6180.01,70988.15,82180.02,73083.03,210480.92,9089.77,197833.47,0,2829.79,3618.34,7.01,27494,1639.44,4601.92,1500.8,0,3772.29,1815.17,3210.51,10439.28,0,0,67680.16,886.43,14713.47,3841.66,11315.81,5526.63,4498.64,5672.73,178725.31,9235.03,6227.45,0,0,1776,-5359.55,452,22232.67,211371.91,52799.23,0,9425,0,6500,75992.66,6736.18,3101.06,0,0,0,2571.03,1898.71,0.05,4.08636E-10
8/31/2020,719365.09,192.66,0,0,95.29,0,1047436.93,88.2,0,13100,107787,43496,215420.94,-334678.14,348,1942707.07,-1942707.07,-129977.72,0,0,-36000,0,0,0,0,-14860.78,-872500,-113807.79,-8508.78,-6169.68,0,0,0.2,0,0,-1000,1112000,-162907.1,-725564.42,-802728.49,0,-1309887.31,-1123576.78,-92986.65,0,-146909.53,-9473.14,-256340.54,-1692790.53,-11500,0,-913.79,0,0,0,0,0,2004050.1,466033.18,130149.2,83467.03,154316.32,36000,143963.78,8629.58,81245.4,82180.02,83278.17,240142,10352.12,224520.93,0,2848.41,3646.28,7.01,25765,1639.44,4601.92,1500.8,0,3772.29,2054.3,3480.77,16194.99,0,0,67680.16,1100.67,16543.76,4640.52,12549.54,5526.63,5055.99,6483.12,208630.72,10186.03,6389.69,0,0,2039,-4123.89,452,26642.12,232587.55,60560.89,0,9425,0,6500,84992.66,7596.06,3101.06,0,0,0,3428.04,1898.71,25.79,2.73793E-10
9/30/2020,518627.58,763.38,0,0,95.29,0,1391778.02,0,0,13100,107787,43496,215420.94,-335488.53,348,1942707.07,-1942707.07,-79585.25,0,0,-40500,0,0,0,0,-14381.4,-872500,-84458.23,-8508.78,-6866.2,0,0,0,0,0,-1000,1112000,-162907.1,-725564.42,-907855.49,0,-1454636.31,-1250660,-169698.65,0,-153078.49,-12285.09,-287031.44,-1887799.8,-11500,0,-927.71,0,0,0,0,0,2266484.61,510247.8,127845.45,86084.84,168555.83,40500,134892.35,10131.17,91683.46,91121.22,91817.18,270098.45,11445.33,250933.37,0,2877.89,3640.69,7.01,25640,1639.44,5288.48,1500.8,0,3772.29,2285.94,3550.97,16194.99,0,72,67680.16,1091.07,16693.73,5316.38,13814.64,5818.98,5542.84,7293.51,225920.9,11366.93,8309.75,0,0,2227,-2780.05,452,29787.44,253803.19,65370.53,0,10425,0,6500,93992.66,8418.45,3101.06,0,0,0,3428.04,1898.71,32.2,9.56817E-11
10/31/2020,779026.23,3023.16,0,0,95.29,0,1180998.71,0,0,13100,107787,43496,215420.94,-336298.92,348,1942707.07,-1942707.07,-89359.75,0,0,-45000,0,0,0,0,-13902.02,-872500,-97868.45,-8508.78,-7562.66,0,-0.01,296.09,188.33,0,-1000,1112000,-162907.1,-725564.42,-994747.49,0,-1454636.31,-1377743.22,-176531.43,-26242.35,-159587.22,-13785.09,-344539.21,-2092191.39,-11500,0,-941.31,0,0,0,0,0,2481587.59,553819.53,132281.94,86620.44,180753.2,45000,190413.71,11808.39,101703.11,98932.15,101401.87,294461.05,11827.81,275615.83,0,2915.69,3027.67,7.01,25640,1639.44,5974.99,1500.8,0,3772.29,2525.07,3687.4,19767.23,0,72,67680.16,1173.51,20353.31,6022.24,15046.84,5818.98,5994.68,8103.9,247976.72,12490.66,8866.76,0,0,2415,-3022.79,502.92,32976.47,275018.83,73521.21,0,10425,0,6500,102992.66,9506,3609.34,0,0,0,3428.04,2972.67,8.06,5.67125E-10
11/30/2020,805231.1,281.26,0,0,95.29,0,1231146.74,0,0,13100,107787,43496,215420.94,-337109.31,348,1942707.07,-1942707.07,-125493.45,0,0,-49500,0,0,0,0,-13422.64,-872500,-98655.96,-8508.78,-11468.24,0,-0.01,0.25,0,0,-1000,1112000,-162907.1,-725564.42,-1040528.72,0,-1454636.31,-1504826.44,-176531.43,-52484.7,-169923.03,-13785.09,-363557.28,-2306191.17,-11500,0,-973.04,0,0,0,0,0,2669436.96,610199.63,132529.44,87158.03,192609.32,49500,199893.6,14004.57,109494.54,106962.18,107604.76,314484.17,12950.38,295486.57,0,2984.98,3429.62,7.01,25640,1639.44,9824.75,1500.8,0,3772.29,2767.84,3841.43,19767.23,0,72,67680.16,1267.09,24820.55,6632.11,16291.14,12845.2,6625.34,8914.29,271396.78,13416.44,9595.98,0,0,2603,-2780.05,502.92,36676.58,296234.47,81084.01,0,10425,0,6500,102992.66,10749.13,3709.34,0,0,0,3428.04,2972.67,16.15,-5.11683E-10
12/31/2020,91887.83,3354.75,9.86,0,126.73,0,1238718.48,0,0,13100,107787,43496,215420.94,-340534.2,232,1942707.07,-1942707.07,-4767.59,0,0,0,0,0,0,0,-12943.26,0,-94395.76,-26239.94,0,0,0,0,0,0,-1000,1567621,-162907.1,-725496.21,-1092675.72,0,-1454636.31,-1631909.66,-186139.1,-78727.05,-176993.87,-18285.09,-379115.35,-2428868.29,-11500,0,-1282.74,0,0,0,-15400.33,-872500,2845705.65,645332.51,132529.44,87695.64,204676.5,75006.03,213724.33,33255.19,118272.66,122079.49,118884.77,335797.39,14177.19,321406.3,0,3031.25,3502.3,7.01,25640,1862.88,13700.65,1500.8,0,5820.75,3018.47,3901.28,19767.23,0,72,67796.16,1839.85,24960.54,7271.98,18021.42,12849.19,7186.9,12339.18,299476.4,14327.27,10300.81,0,0,2722.79,-2152.77,502.92,38087.94,317450.11,88272.71,0,12425,0,6500,120992.66,12036.14,3709.34,0,13.2,0,4285.05,2972.67,7.81,-1.66838E-10
1/31/2021,346390.03,872.81,0,0,126.73,0,1194586.15,0,0,13100,107787,43496,215420.94,-339358.59,232,1942707.07,-1942707.07,-122385.08,0,0,-4500,0,0,0,0,-12463.88,0,-93199.2,-26239.94,-23955.31,0,0,0,0,0,-1000,0,-162907.1,-1071413.95,-168677.06,0,0,-127083.23,-10143,-13777.34,-13698.82,0,-19489.72,-205006.54,0,0,-1.39,0,-872500,0,15400.33,872500,176791.79,58136.5,0,4125.15,27572.74,4500,23514.04,1463.78,7805.87,22933.16,9679.89,21548.96,1142.5,22181.3,0,1690.18,3394.82,0,0,0,8432.7,0,0,0,250.63,550.63,0,0,0,0,34.22,3678.58,1069.23,2260.54,0,747.9,-1175.61,18517.26,938.18,439.33,0,0,256.21,0,64,1942.2,21215.64,7393.31,0,13780,0,0,9000,1705.52,300,0,0,0,0,0,7.01,-1.26184E-10
2/28/2021,1433504.32,487.19,0,0,126.73,0,1190371.84,0,0,13100,107787,43496,215420.94,-340797.48,232,1942707.07,-1942707.07,-165744.17,0,0,-9000,0,0,0,0,-11984.5,-926210,-86450.29,-26239.94,-33031.07,0,0,0,0,0,-1000,0,-162907.1,-1071413.95,-322729.06,0,0,-254573.42,-31358.89,-40019.69,-26333.36,0,-36172.79,-409405.03,0,0,-679.71,0,-872500,0,15400.33,872500,353129.48,119681.5,0,5241.72,61724.67,9000,33526.18,3658.15,15204.11,43770.6,20183.1,41744.97,2327.45,43391.8,0,2222.41,5512.78,0,0,0,17378.73,0,0,254,477.71,612.91,3647.65,0,0,0,152.21,5562.87,1926.25,3575.72,0,1743.28,263.28,37405.86,1713.7,932.21,0,0,444.21,543.14,64,5132.79,42431.28,14922.2,0,14280,0,0,18000,3184.17,300,0,0,0,857.01,0,0,5.07043E-11
3/31/2021,1602684.93,1095.54,0,0,126.73,0,1198925.24,0,0,13100,107787,43496,215420.94,-342236.37,232,1942707.07,-1942707.07,-132951.46,0,0,-13500,0,0,0,0,-11505.12,-926210,-97530.65,-26239.94,-33031.07,0,0,0,0,0,-1000,0,-162907.1,-1071413.95,-490217.97,0,0,-382063.61,-59646.57,-66262.04,-34555.21,-41623.3,-80465.19,-635319.27,0,0,-698.98,0,-872500,0,15400.33,872500,544035.62,153206,0,12994.86,116944.23,13500,54862.31,6410.65,22247.57,44073.64,29947.03,60630.29,3419.34,64940.24,0,2238.54,6445.83,0,0,345.12,17378.73,0,0,254,728.34,909.78,3647.65,0,0,0,176.76,12051.15,2756.62,4859.06,0,2805.94,1702.17,63136.02,2539.61,1051.9,0,0,632.21,572.73,64,13440.86,75750,23631.66,0,14780,0,0,27000,3834.26,300,0,0,0,857.01,0,7.36,1.41072E-10
4/30/2021,1625490.88,696.71,0,0,126.73,0,1309701.47,0,0,13100,107787,43496,215420.94,-343675.26,232,1942707.07,-1942707.07,-184627.59,0,0,-18000,0,0,0,0,-11025.74,-926210,-93728.68,-26239.94,-36290.88,0,0,0,0,0,-1000,0,-162907.1,-1071413.95,-651152.17,0,0,-509553.8,-83398.08,-92504.39,-34555.21,-81925.68,-96259.64,-850831.47,0,0,-711.99,0,-872500,0,15400.33,872500,753705,233864,1404.25,20715.14,144103.32,18000,66139.93,9597.44,29973.22,44881.24,42099.05,81538.07,4674.07,87900.91,0,2265.65,13192.66,0,8601.6,1372.18,20406.89,0,0,254,971.11,1167.55,3647.65,0,0,26500.52,212.89,13962.48,4906.69,6632.15,2160,3705.8,3141.06,79127.38,3366.08,1164.26,0,0,820.21,974.69,78.84,16506.58,101000,32315.47,0,14780,0,0,36000,4977.47,895,0,0,0,857.01,0,0,1.06184E-10
5/31/2021,2089124.07,1258.94,0,0,126.73,0,1213186.24,0,0,13100,107787,43496,215420.94,-345114.15,232,1942707.07,-1942707.07,-111077.82,0,0,-22500,0,0,0,0,-10546.36,-926210,-92596.88,-26239.94,-408496.1,0,0,0,0,0,-1000,0,-162907.1,-1071413.95,-779405.67,0,0,-637043.99,-97541.92,-118746.74,-34555.21,-105115.54,-112054.09,-1053689.66,0,0,-724.19,0,-872500,0,15400.33,872500,950712.42,278359.43,2820.25,22173.46,218017.95,22500,73061.06,12153.94,37312.05,44881.24,52993.37,100724.03,5911.54,108884.72,0,2269.69,13196.37,0,8601.6,1832.02,22010.17,0,0,254,1221.74,1336.71,3977.65,0,0,26500.52,352.01,15862.67,5367.15,8468.05,2160,4517.03,4579.95,100613.51,4192.55,1541.49,0,0,1047.21,974.69,78.84,21248.08,126250,39397.56,0,15780,0,0,45000,5786.69,895,0,0,0,1714.02,304.62,10.01,-1.42441E-10
6/30/2021,2219444.42,969.89,0,0,126.73,0,1255321.06,0,0,13100,107787,43496,215420.94,-346553.04,232,1942707.07,-1942707.07,-215817.23,0,0,-27000,0,0,0,0,-10066.98,-926210,-89641.5,-26239.94,-408249.54,0,0,0,0,0,-1000,0,-162907.1,-1071413.95,-947257.3,0,0,-764534.18,-114221.51,-139731.66,-34555.21,-106015.54,-151764.5,-1269693.47,0,0,-764.85,0,-872500,0,15400.33,872500,1144613.63,369398.95,4063.98,29148.23,276958.73,27000,81237.63,13305.41,41714.38,56339.35,63915.54,121450.54,7254.56,130843.86,0,2303.19,13198.91,0,12889.6,1892.86,21781.13,0,0,254,1475.64,1401.85,3977.65,0,0,26500.52,377.79,17759.59,6378.54,10146.62,2160,5238.65,6018.84,125169.22,5094.99,1619.44,0,0,1274.21,974.69,78.84,24142.07,151500,46846.95,0,21030,0,0,54000,6364.84,895,0,0,0,1714.02,604.62,30.07,-4.10232E-10
7/31/2021,2243365.35,234.61,0,0,126.73,0,1303487.8,0,0,13100,107787,43496,215420.94,-347991.93,232,1942707.07,-1942707.07,-183649.57,0,0,-31500,0,0,0,0,-9587.6,-926210,-83829.39,-26239.94,-408249.54,0,0,0,0,0,-1000,0,-162907.1,-1071413.95,-1079153.97,0,0,-892024.37,-143974.67,-160716.58,-34555.21,-114258.14,-168233.95,-1528721.7,0,0,-782.74,0,-872500,0,15400.33,872500,1325437.46,397608.95,12415.7,35336.56,328562.73,31500,90322.89,15711.52,49165.83,69615.54,73732.38,141026.27,8493.7,153116.99,0,2311.7,13364.3,0,12889.6,1892.86,21781.13,0,0,254,1737.77,1470.48,13998.91,0,0,43009.27,410.6,19652.28,6992.43,11824.93,2160,5929.44,7457.73,148827.06,5932.05,2137.98,0,0,1728.21,2820.01,78.84,30947.53,176750,54305.82,0,21030,0,0,76108.14,8034.74,1395,0,0,0,1714.02,1356.24,0,1.59844E-10
8/31/2021,2061760.79,1712.58,0,0,126.73,0,1628975.95,0,0,13100,107787,43496,215420.94,-349430.82,232,1942707.07,-1942707.07,-141943,0,0,-36000,0,0,0,0,-9108.22,-926210,-80970.46,-26239.94,-408249.54,0,0,0,0,0,-1000,0,-162907.1,-1071413.95,-1308040.28,0,0,-1019514.56,-162654.81,-181701.5,-34555.21,-114258.14,-192392.58,-1724009.24,0,0,-802.16,0,-872500,0,15400.33,872500,1514039.23,440723.95,20618.6,43226.59,355281.3,36000,102462.97,17488.62,53209.59,69615.54,85614.92,159487.86,9772.36,174008.45,0,2325.19,13440.71,0,17188.8,2859.73,21781.13,0,0,254,1999.9,1537.24,13998.91,0,0,43009.27,449.39,21544.97,7658.82,13505.44,2160,6878.07,8896.62,169647.31,6803.62,2860.62,0,0,1728.21,3417.82,78.84,33885.32,202000,59777.59,0,22030,0,0,85108.14,9677.51,1395,0,0,0,2571.03,1356.24,13.77,-3.22625E-10
9/30/2021,2370360.25,4830.13,0,0,126.73,0,1297945.08,0,0,13100,111809.7,43496,215420.94,-350869.71,232,1942707.07,-1942707.07,-84137.5,0,0,-40500,0,0,0,0,-8628.84,-926210,-79979.41,-26239.94,-408249.54,0,0,0,0,0,-1000,0,-162907.1,-1071413.95,-1400923.04,0,0,-1147004.75,-196013.99,-202686.42,-72496.54,-114258.14,-217637.03,-1931089.02,0,0,-890.49,0,-872500,0,15400.33,872500,1710147.09,478841.45,28294.01,47559.52,385539.29,40500,115867.99,19597.55,60988.8,81105.73,96118.9,180872.24,11073.94,196499.93,0,2368.59,13602.05,0,17188.8,3423.73,21781.13,0,0,254,2253.8,1840.08,13998.91,0,0,43009.27,580.39,23441.89,8495.39,15182.97,5155,7558.59,10335.51,190257.6,7805.15,3239.99,0,0,1955.21,4354.22,78.84,39093.49,227250,67790.71,0,23030,0,0,94108.14,10231.85,1395,50000,0,0,2571.03,1323.88,2452.6,-1.76442E-10
10/31/2021,2292697.28,2518.97,0,0,126.73,0,1046856.63,0,0,13100,111809.7,43496,215420.94,-352308.6,232,1942707.07,-1942707.07,-98677.68,0,0,-45000,0,0,0,0,-8149.46,-926210,-93273.6,-26239.94,-408249.54,0,0,0,0,0,-1000,400000,-162907.1,-1071413.95,-1507042.74,0,0,-1274494.94,-196013.99,-221263.16,-108921.08,-114258.14,-249641.48,-2139393.24,0,0,-1043.64,0,-872500,0,15400.33,872500,1905689.17,505702.95,32719.12,51549.24,406985.58,45000,151018.43,22417.06,68612.08,88834,108280.73,201859.56,12166.97,218779.47,0,2403.01,13694.62,0,21478,3423.73,21781.13,0,0,254,2527.43,2180.21,18584.28,0,0,76016.77,606.3,28175.38,9176.78,16859.93,5155,8173.39,11774.4,216493.61,8716.1,4809.31,0,0,2182.21,4503.35,78.84,44553.56,252500,75462.69,0,23030,0,0,103108.14,11941.5,1395,50000,0,0,2571.03,1323.88,-704.24,5.25915E-10
11/30/2021,2812468.51,2158.27,0,0,126.73,0,928492.75,0,0,13100,111809.7,43496,215420.94,-353948.61,232,1942707.07,-1942707.07,-150333.88,0,0,-49500,0,0,0,0,-7670.08,-926210,-93563.84,-26239.94,-37770.25,0,0,0,0,0,-1000,400000,-162907.1,-1071413.95,-1588845.5,0,0,-1401985.13,-196013.99,-239839.9,-139819.47,-116758.14,-276045.93,-2344787.26,0,0,-1067.36,0,-872500,0,15400.33,872500,2095141.97,553616.95,37042.56,70112.23,470123.93,49500,166391.66,24589.88,76458.1,96422.77,118032.93,221949.43,13396.46,239957.38,0,2403.01,13694.62,0,9122,5923.73,21781.13,0,-728019.95,1973.17,2792.46,2447.46,18584.28,0,0,76016.77,686.74,30142.22,9848.94,18760.02,5155,9012.9,13414.41,240859.52,9547.15,6641.41,0,0,2409.21,4657.87,78.84,51494.05,293650,81595.6,0,24530,0,0,112108.14,13635.58,1395,50000,0,0,2571.03,1323.88,42.66,-1.23094E-10
12/31/2021,195671.37,2827.51,0,0,126.73,0,1173292.39,0,0,13100,111809.7,43496,253197.33,-298149.36,116,1942707.07,-1942707.07,0,0,0,0,0,0,0,0,-7190.7,0,-87258.04,-25351.3,0,0,0,0,0,0,-1000,2400000,-162907.1,-1070709.01,-1588845.5,0,0,-1529475.32,-204848.93,-258416.64,-139819.47,-119258.14,-349011.84,-2586455.45,0,0,-1129.29,0,0,-5500,-22369.92,-926210,2278868.35,558802.45,43551.44,80149.47,486453.06,82130.12,168204.11,28214.61,86164.06,112361.6,131309.85,242849.92,14621.57,266128.96,0,2403.01,13694.62,0,9122,6508.73,21781.13,0,-728019.95,5629.66,2792.46,2565.11,18584.28,0,0,76132.77,864.72,32134.91,12552.57,20462.74,5159.23,9396.2,14179.71,260072.9,10378.2,8898.82,0,0,1931.27,4715.4,98.84,54272.33,318900,88713.3,0,24530,0,0,121108.14,14695.37,1395,170000,0,0,3428.04,1323.88,54.02,-3.51498E-10
1/31/2022,648903.58,770.2,0,0,126.73,0,947351.4,0,0,13100,111809.7,43496,253197.33,-299131.55,116,1942707.07,-1942707.07,-167544.95,0,0,-4500,0,0,0,0,-6711.32,0,-84313.52,-25351.3,0,0,0,0,0,0,-1000,0,-162907.1,-1211695,-140176.96,0,0,-127490.05,0,-18576.74,-70296.54,0,-25244.45,-216832.97,0,0,-20.39,0,0,0,0,0,166676.05,44070.5,3915.64,2079.06,113420.08,4500,25604.05,3702.43,7854.26,21879.47,10456.86,21092.18,954.54,21767.65,0,1585.92,7472.76,0,-73,286.39,0,0,0,75,547.26,360.04,4570.24,0,0,609,470.32,1992.68,1708.04,1655.56,365.66,1761.51,982.19,17792.01,833.17,1962.66,0,0,368.47,398.1,547,2406.38,25250,6580.3,0,0,0,0,11000,851.07,300,0,0,0,0,870.71,1419.69,-2.66482E-10
2/28/2022,768017.26,339.01,0,0,126.73,0,1022087.34,0,0,13100,111809.7,43496,252855.33,-300113.74,116,1942707.07,-1942707.07,-172827.98,0,0,-9000,0,0,0,0,-6231.94,0,-83128.56,-25351.3,0,0,0,0,0,0,-1000,0,-162907.1,-1211695,-301322.74,0,0,-240041.79,-24180.89,-38953.48,-110009.06,0,-50488.9,-490719.81,0,0,-47.75,0,0,0,0,0,369837.16,92345.5,13013.31,3561.48,145300.24,9000,38872.55,6233.37,14995.71,29457.61,21312.9,41975.76,2093.22,44007.76,0,2141.79,11273.03,0,-73,286.39,0,0,0,75,815.9,439.8,4570.24,0,0,609,603.58,3957.37,2332.75,3434.94,4645.66,3086.15,1964.38,36223.6,1865.69,3431.18,0,0,368.47,482.03,937,6264.43,50500,14950.96,0,1000,0,0,22000,2432.35,300,0,0,0,857.01,870.71,1419.69,-4.38831E-10
3/31/2022,798185.39,768.93,0,0,126.73,0,1001322.61,0,0,13100,111809.7,43496,252855.33,-301095.93,116,1942707.07,-1942707.07,-141591.46,0,0,-13500,0,0,0,0,-5752.56,0,-91724.82,-25351.3,0,-72.37,0,0,0,0,-1000,0,-162907.1,-1211695,-412568.74,0,0,-352593.53,-45192.54,-73710,-128889.23,-31421,-78272.84,-735059.44,0,0,-73.28,0,0,0,0,0,567658.08,162739.5,17769.82,6027.4,256285.78,13500,55955.49,9462.81,22262.4,40741.21,32464.28,61894.91,3576.42,65726.76,0,2353.06,11920.12,0,-73,286.39,0,0,0,145.65,1112.53,797.97,4570.24,585,40,729,678.81,6194.24,3372.59,5632.32,7734.85,3844.07,2946.57,56917.05,2720.95,5297.38,0,0,644.47,1885.34,1029,13780.82,75750,23231.98,0,1000,0,0,33000,3050.78,300,0,0,0,857.01,870.71,1419.69,-3.36968E-10
4/30/2022,578522.41,7189.97,0,0,126.73,0,1570671.01,0,0,13100,111809.7,43496,252855.33,-302078.12,116,1942707.07,-1942707.07,-227741.62,0,-159661.85,-18000,0,0,0,0,-5273.18,0,-89556.3,-25351.3,0,-72.37,0,0,0.2,0,-1000,0,-162907.1,-1211695,-543078.34,0,0,-465145.27,-76199.24,-103038.69,-164525.48,-31421,-415303.43,-958480.64,0,0,-93.43,0,0,0,0,0,807712.96,364759.35,57783.72,42417.04,314763,18000,66492.23,12798.89,29894.51,40741.21,52720.83,85672.91,5181.21,89992.25,0,2489.18,17388.32,0,-73,286.39,0,0,0,216.3,1403.16,1070.13,12755.88,2166.04,247.34,19289.22,748.6,8158.93,4277.66,7467.76,10254.85,4328.42,3928.76,73093.57,3576.96,8707.55,0,0,907.47,1885.34,1029,16497.25,101000,30599.23,0,8000,0,0,44000,4296.93,995,0,0,0,857.01,530.94,1424.71,-2.72621E-10
5/31/2022,863683.74,7315.34,0,0,126.73,0,1527458.25,0,0,13100,111809.7,43496,252855.33,-303060.31,116,1942707.07,-1942707.07,-188064.42,0,-259177.14,-22500,0,0,0,0,-4793.8,0,-88840.06,-25351.3,0,-72.37,0,0,0,0,-1000,0,-162907.1,-1211695,-681420.94,0,0,-577697.01,-111788.07,-121615.43,-195648.53,-31421,-625087.06,-1227098.69,0,0,-319.36,0,0,0,0,0,1017142.8,538258.05,79409.39,48357.35,373312.13,22500,74165.51,17007.23,37163.42,40741.21,65165.53,105642.42,6402.19,111961.62,0,2517.98,19958.37,0,-73,286.39,0,0,0,216.3,1696.45,1140.35,12755.88,3191.04,247.34,19289.22,908.39,10123.62,5281.03,9285.69,10254.85,4864.18,4910.95,96103.91,4458.61,9529.08,0,0,1170.47,-197,1029,24771.52,126250,39058.45,0,8000,0,0,55000,5296.92,995,303,0,0,1714.02,530.94,1498.7,0
6/30/2022,1202914.27,7856.73,0,0,126.73,0,1402051.16,0,0,13100,111809.7,43496,252855.33,-304042.5,116,1942707.07,-1942707.07,-308465.2,0,-247033.07,-27000,0,0,0,0,-4314.42,0,-88337.99,-25351.3,0,0,0,0,0,0,-1000,0,-162907.1,-1211695,-821260.34,0,0,-690248.75,-157995.37,-148063.42,-244770.05,-32521,-891280.2,-1448105.65,-300,0,-799.84,0,0,0,0,0,1229084.72,709312.15,98330.14,64315.53,478722.69,27000,90709.66,19773.56,45175.16,52649.7,80648.31,127979.19,7729.21,135472.62,0,2527.33,19968.62,0,9487.4,316.44,0,0,0,216.3,1983.74,1205.27,12755.88,2374.28,247.34,19409.22,1012.46,12093.3,6140.44,11135.23,10279.08,5208.32,5893.14,116570.29,5448.24,11551.2,0,0,1433.47,703.61,1229,32530.34,151500,46551.69,0,9000,0,0,66000,6459.28,995,38303,0,0,1714.02,530.94,1488.77,-1.26875E-10
7/31/2022,1468561.17,5974.63,0,0,126.73,0,1114629.44,0,0,13100,111809.7,43496,252855.33,-305024.69,116,1942707.07,-1942707.07,-147289.63,0,-295613.36,-31500,0,0,0,0,-3835.04,0,-81011.71,-25351.3,0,0,0,0,0,0,-1000,0,-162907.1,-1211695,-954685.78,0,0,-802800.49,-174935.05,-175928.54,-247932.5,-32521,-1079182.58,-1731999.33,-300,0,-1564.72,0,0,0,0,0,1438717.54,884104.69,124815.18,73024.27,504717.21,31500,98738.49,23023.78,53348.73,74072.72,98907.11,150739.09,9261.85,159689.45,0,2608.84,20643.02,0,9487.4,1461.23,0,0,0,216.3,2280.37,1205.27,18424.51,2374.28,247.34,37815.47,1041.52,14107.99,6806.83,13028.28,10294.07,5490.31,6875.33,139083.26,6363.11,12214.88,0,0,1696.47,-1296.39,1229,35521.33,176750,54545.72,0,9500,0,0,90375.1,7489.57,995,38303,0,0,1714.02,1367.51,1488.77,-4.61341E-10
8/31/2022,1315551.14,4227.05,0,0,126.73,0,1266498.38,0,0,13100,111809.7,43496,252855.33,-306006.88,116,1942707.07,-1942707.07,-275722.52,0,0,-36000,0,0,0,0,-3355.66,0,-81150.82,-25351.3,0,0,0,0,0,0,-1000,0,-162907.1,-1211695,-1156258.52,0,0,-915352.23,-202135.01,-214545.61,-272020.88,-41076.68,-1329090.56,-1943758.09,-300,0,-2812.99,0,0,0,0,0,1652214.54,1089437.23,138480.81,83780.95,555069.92,36000,112582.34,27613.97,60971.64,74072.72,112022,171931.93,10440.72,182468.26,0,2650.11,20719.55,20.3,12678.2,1923.63,0,0,0,298.33,2577,1890.27,18424.51,2374.28,247.34,37815.47,1254.35,16072.68,7613.5,14871.58,10294.07,5985.18,7857.52,161665.76,7580.82,12822.14,0,0,1959.47,3615.2,1447.7,43530.62,202000,61985.36,0,10000,0,0,101375.1,8973.38,1055,76303,61.14,0,2571.03,1367.51,1791.39,4.30191E-10
9/30/2022,1902193.84,7898.89,0,0,126.73,0,848814.18,0,0,13100,111809.7,43496,252855.33,-306989.07,116,1942707.07,-1942707.07,-169797.07,0,-166829.46,-40500,0,0,0,0,-2876.28,0,-78702.96,-25351.3,0,0,0,0,0,0,-1000,0,-162907.1,-1211695,-1234563.86,0,0,-1047488.97,-223952.85,-214545.61,-297352.79,-41076.68,-1659055.99,-2170102.34,-300,0,-4436.14,0,0,0,0,0,1872474.85,1281053.16,154890.67,107380.31,621898.7,40500,123444.97,30782.32,68938.34,85998.61,128321.33,194450.02,11847.15,206523.81,0,2724.54,21443.88,40.62,12678.2,1923.63,0,0,0,298.33,2920.16,2085.27,18424.51,2374.28,247.34,37815.47,1337.66,18041.6,8296.87,16690.28,10294.07,6407.24,8839.71,183820.83,8243.42,13212.5,0,0,2222.47,3633.56,1885.35,49696.54,227250,70212.19,0,10500,0,0,112375.1,11071.31,1115,76303,756.32,0,2571.03,1367.51,1488.77,1.94518E-09
10/31/2022,1541160.89,3933.87,0,0,126.73,0,1308660.15,0,0,13100,111809.7,43496,252855.33,-307971.26,116,1942707.07,-1942707.07,-203943.15,0,-146040.14,-45000,0,0,0,0,-2396.9,0,-92919.37,-25351.3,0,0,0,0,0,0,-1000,0,-162907.1,-1211695,-1354251.02,0,0,-1169668.75,-223952.85,-214545.61,-308937.82,-41076.68,-1916055.93,-2452306.21,-300,0,-7264.37,0,0,0,0,0,2074013.48,1470128.23,163959.92,133447.03,703005.87,45000,156647.12,32001.17,76530.67,94175.32,143570.21,213955.58,13230.23,228981.17,350,2770.03,22090.62,60.92,14701.72,1923.63,0,0,0,298.33,3274.52,2185.27,25772.82,2374.28,247.34,49605,1383.68,23318.66,9770.91,18718.3,10294.07,7001.4,9821.9,210909.95,9671.52,13328.22,0,0,2485.47,3758.56,2837.13,52293.1,252500,78528.46,0,11000,0,0,123375.1,13136.36,1175,76303,756.32,0,2571.03,1597.4,1488.77,-6.15273E-10
11/30/2022,746842.52,3286.76,0,0,126.73,0,1242809,0,0,13100,111809.7,43496,252855.33,-308953.45,116,1942707.07,-1942707.07,-137232.92,0,-257679.01,-49500,0,0,0,0,-1917.52,0,-96223.58,-25351.3,0,0,0,-100,-40.58,0,-1000,1000000,-162907.1,-1211695,-1409571.9,0,0,-1291848.53,-223952.85,-214545.61,-326733.33,-41076.68,-2137578.19,-2751259.39,-300,0,-8808.38,0,0,0,0,0,2289272.42,1607638.02,173010,139284.24,771114.88,49500,173142.68,33567.23,85122.25,105418.45,157476.64,235106.57,14576.66,252226.1,350,2770.03,22137.89,23.09,14701.72,1923.63,0,0,0,298.33,3618.28,2277.49,25772.82,2374.28,416.34,49605,1459.19,25283.35,10230.01,20439.78,10294.07,7719.68,10804.09,232363.28,10585.82,13554.33,0,0,2828.47,-765.31,2837.13,55986.22,295625.16,86703.58,0,11500,0,0,134375.1,14255.26,1235,76303,756.32,0,3428.04,1817.9,1488.77,-7.12134E-10
12/31/2022,27065.96,201.03,0,0,100,0,1533534.57,0,0,13100,111809.7,43496,253111.15,-330161.27,377,0,0,0,0,0,0,0,0,0,0,-1438.14,0,-91980.11,-25701.71,0,0,0,0,0,0,-1000,1000000,-162907.1,-1211695,-1459374.31,0,0,-1414028.31,-223952.85,-214545.61,-340236.27,-41076.68,-2413342.16,-2972979.35,-300,0,-9729.95,0,0,0,0,0,2337163.39,1763928.65,173469.13,139680.3,822177.76,78477.71,182210.85,37318.52,94374.21,123748.47,175204.18,255944.18,16161.68,428489.76,350,2770.03,22137.89,43.39,14701.72,1923.63,0,0,0,298.33,3618.28,2375.31,25772.82,2374.28,416.34,49721,1482.57,27099.65,10833.01,22644.07,10294.07,7719.68,32011.91,260660.41,10987.47,13830.89,0,0,2915.65,665.74,2837.13,55986.22,320875.16,94953.33,0,11500,0,0,145375.1,16564.28,1235,120328,756.32,0,3428.04,1817.9,0,-1.52295E-09
1/31/2023,737289.83,1207.69,0,0,100,0,1082932.01,0,0,13100,111809.7,43496,253111.15,-330403.46,377,0,0,-153340.12,0,-111276.41,-4500,0,0,0,0,-958.76,0,-90537.89,-25701.71,0,0,0,0,0,0,-1000,0,-162907.1,-1369607.08,-123200.91,0,0,-122179.65,-5432.72,0,-18160.13,-2525,-221277.59,-283319.92,0,0,-1393.48,0,0,0,0,0,190332.11,189448.26,27946.28,30893.06,105173.44,4500,16661.35,2988.14,7989.39,24275.42,15742.64,19793.68,1507.26,22515.02,0,1671.41,9594.21,18.87,0,0,0,0,0,2277.33,893.76,297.85,2535.18,0,0,18526.25,776.64,300.11,1238.88,2222.35,0,2362.9,242.19,19562.75,1352.18,645.56,0,0,343,5507.1,0,8910.18,25250,6934.73,0,0,0,210,11000,1144.22,714.85,0,0,0,0,0,0,4.76348E-11
2/28/2023,1238993.67,1817.49,0,0,100,0,964546.39,0,0,13100,111809.7,43496,253111.15,-330645.65,377,0,0,-255603.89,0,-199225.87,-9000,0,0,0,0,479.38,0,-88093.68,-25701.71,0,0,0,0,0,0,-1000,0,-162907.1,-1369607.08,-295137.01,0,0,-238918.64,-22622.58,0,-53201.23,-2525,-573853.88,-515995.37,0,0,-2805.82,0,0,0,0,0,416098.37,435227.13,40958.31,37280,161605.21,9000,29515.75,4609.69,16424.48,32818.92,27270,41478.46,3014.52,46646.38,0,2255.83,14836.66,-25.56,0,0,0,0,0,2277.33,1334.24,297.85,2535.18,0,0,18526.25,1122.16,2264.8,2316.82,4079.21,0,3560.06,484.38,41254.85,2812.53,1090.06,0,0,686,5507.1,0,13324.34,50500,15447.35,0,3817.5,0,210,22000,2520.05,1159.85,0,0,0,857.01,0,14.66,-9.16398E-10
3/31/2023,1089580.81,1833.92,0,0,100,0,1231335.82,0,0,13100,111809.7,43496,253111.15,-330887.84,377,0,0,-259894.28,0,-89967.84,-13500,0,0,0,0,0,0,-94131.34,-25701.71,0,0,0,0,0,0,-1000,0,-162907.1,-1369607.08,-488937.21,0,0,-355657.63,-53389.56,0,-80532.45,-3020,-793625.38,-770830.25,0,0,-4969.96,-3331.3,0,0,0,0,620842.56,599469.11,59814.58,77237.39,235340.11,13500,46345.87,7193.66,24342.84,45343.93,41885.78,60187.25,4521.78,68789.17,0,2267.94,14290.89,-6.72,0,1244.8,0,0,0,2277.33,1821.07,297.85,2535.18,0,0,18526.25,1155.45,6193.36,3034.12,5935.11,260,4572.35,726.57,61454.99,3790.85,1288.71,0,0,1029,5751.68,70,26185.5,75750,23017.74,0,3817.5,0,210,33000,4015.54,1279.85,-54990,0,0,857.01,0,672.58,1.78147E-10
4/30/2023,1367670.96,2953.41,0,0,100,0,1349454.86,0,0,13100,111809.7,43496,253111.15,-331130.03,377,0,0,-445472.57,0,-171868.34,-18000,0,0,0,0,0,0,-88947.04,-25701.71,0,0,0,0,0,0,-1000,0,-162907.1,-1369607.08,-653429.03,0,0,-472396.62,-77239.17,0,-116288.71,-7270,-1163156.35,-1050426.44,0,0,-6953.77,-3331.3,0,-21000,0,0,842080.43,903276.86,100920.43,92232.1,370190.96,18000,58461.39,10177.41,32524.18,45343.93,57143.6,80007.93,5932.71,92005.34,0,2267.94,3089.61,12.12,0,2159.86,0,0,0,2277.33,2292.44,472.82,12499.27,0,0,22026.25,1218.86,8170.76,3743.42,7982.85,260,5189.71,968.76,81731.14,4769.89,1571.97,0,0,1372,7167.28,70,30325.95,101000,31307.08,0,3817.5,0,210,44000,4871.91,2034.85,-54990,0,0,857.01,0,1006.33,-4.74074E-11
5/31/2023,1312552.22,2347.36,0,0,100,0,1301002.33,0,0,13100,111809.7,43496,253111.15,-331372.22,377,0,0,-272799.66,0,-161393.69,-22500,0,0,0,0,0,0,-89811.59,-25701.71,0,0,0,0,0,0,-1000,0,-162907.1,-1369607.08,-939303.02,0,0,-589135.61,-90316,0,-116288.71,-8270,-1451656.01,-1276268.22,0,0,-9591.27,-3331.3,0,-21000,0,0,1052268.85,1160213.62,137013.71,110587.97,490111.39,22500,68478.61,14504.17,40055.28,45343.93,68306.83,97349.55,7405.76,113645.41,0,2269.17,2920.87,30.95,0,2159.86,0,0,0,2277.33,2779.27,472.82,12499.27,0,0,41824.99,1269.01,10267.95,9602.14,9833.43,260,5797.96,1210.95,103726.56,5765.37,7505.81,0,0,1715,9889.42,70,33908.3,126250,40207.21,0,10530,0,210,55000,6327.62,2094.85,-33990,0,0,857.01,300,729.23,2.45791E-10
